trial,phase,phase_repeat,node,P_active,slow_trace
1,repeated_additive_loop,1,N0,0.9080781143128099,0.21793874743507438
1,repeated_additive_loop,1,N1,0.7882702854728729,0.1891848685134895
1,repeated_additive_loop,1,N2,0.6118677240146606,0.14684825376351854
1,repeated_additive_loop,1,N3,0.0,0.0
1,repeated_additive_loop,1,N4,0.4455233453056753,0.10692560287336206
1,repeated_additive_loop,1,N5,0.0,0.0
1,repeated_additive_loop,1,N6,0.0,0.0
1,repeated_additive_loop,1,N7,0.0,0.0
1,repeated_additive_loop,1,G0,0.5654162833422869,0.1809332106695318
1,repeated_additive_loop,1,G1,0.3982879751270366,0.12745215204065172
1,repeated_additive_loop,1,G2,0.12576981671277743,0.04024634134808878
1,repeated_additive_loop,1,G3,0.0,0.0
1,repeated_additive_loop,1,G4,0.0,0.0
1,repeated_additive_loop,1,G5,0.0,0.0
1,repeated_additive_loop,1,G6,0.0,0.0
1,repeated_additive_loop,1,G7,0.0,0.0
2,repeated_additive_loop,2,N0,0.9080781143128099,0.3922897453831339
2,repeated_additive_loop,2,N1,0.7882702854728729,0.3405327633242811
2,repeated_additive_loop,2,N2,0.6118677240146606,0.2643268567743334
2,repeated_additive_loop,2,N3,0.0,0.0
2,repeated_additive_loop,2,N4,0.4455233453056753,0.19246608517205172
2,repeated_additive_loop,2,N5,0.0,0.0
2,repeated_additive_loop,2,N6,0.0,0.0
2,repeated_additive_loop,2,N7,0.0,0.0
2,repeated_additive_loop,2,G0,0.5654162833422869,0.3437731002721104
2,repeated_additive_loop,2,G1,0.3982879751270366,0.24215908887723825
2,repeated_additive_loop,2,G2,0.12576981671277743,0.07646804856136868
2,repeated_additive_loop,2,G3,0.0,0.0
2,repeated_additive_loop,2,G4,0.0,0.0
2,repeated_additive_loop,2,G5,0.0,0.0
2,repeated_additive_loop,2,G6,0.0,0.0
2,repeated_additive_loop,2,G7,0.0,0.0
3,repeated_additive_loop,3,N0,0.9080781143128099,0.5317705437415815
3,repeated_additive_loop,3,N1,0.7882702854728729,0.46161107917291444
3,repeated_additive_loop,3,N2,0.6118677240146606,0.35830973918298525
3,repeated_additive_loop,3,N3,0.0,0.0
3,repeated_additive_loop,3,N4,0.4455233453056753,0.26089847101100344
3,repeated_additive_loop,3,N5,0.0,0.0
3,repeated_additive_loop,3,N6,0.0,0.0
3,repeated_additive_loop,3,N7,0.0,0.0
3,repeated_additive_loop,3,G0,0.5654162833422869,0.4903290009144312
3,repeated_additive_loop,3,G1,0.3982879751270366,0.34539533203016615
3,repeated_additive_loop,3,G2,0.12576981671277743,0.10906758505332059
3,repeated_additive_loop,3,G3,0.0,0.0
3,repeated_additive_loop,3,G4,0.0,0.0
3,repeated_additive_loop,3,G5,0.0,0.0
3,repeated_additive_loop,3,G6,0.0,0.0
3,repeated_additive_loop,3,G7,0.0,0.0
4,repeated_additive_loop,4,N0,0.9080781143128099,0.6433551824283396
4,repeated_additive_loop,4,N1,0.7882702854728729,0.558473731851821
4,repeated_additive_loop,4,N2,0.6118677240146606,0.4334960451099068
4,repeated_additive_loop,4,N3,0.0,0.0
4,repeated_additive_loop,4,N4,0.4455233453056753,0.31564437968216486
4,repeated_additive_loop,4,N5,0.0,0.0
4,repeated_additive_loop,4,N6,0.0,0.0
4,repeated_additive_loop,4,N7,0.0,0.0
4,repeated_additive_loop,4,G0,0.5654162833422869,0.6222293114925199
4,repeated_additive_loop,4,G1,0.3982879751270366,0.4383079508678013
4,repeated_additive_loop,4,G2,0.12576981671277743,0.13840716789607732
4,repeated_additive_loop,4,G3,0.0,0.0
4,repeated_additive_loop,4,G4,0.0,0.0
4,repeated_additive_loop,4,G5,0.0,0.0
4,repeated_additive_loop,4,G6,0.0,0.0
4,repeated_additive_loop,4,G7,0.0,0.0
5,repeated_additive_loop,5,N0,0.9080781143128099,0.732622893377746
5,repeated_additive_loop,5,N1,0.7882702854728729,0.6359638539949464
5,repeated_additive_loop,5,N2,0.6118677240146606,0.49364508985144395
5,repeated_additive_loop,5,N3,0.0,0.0
5,repeated_additive_loop,5,N4,0.4455233453056753,0.35944110661909395
5,repeated_additive_loop,5,N5,0.0,0.0
5,repeated_additive_loop,5,N6,0.0,0.0
5,repeated_additive_loop,5,N7,0.0,0.0
5,repeated_additive_loop,5,G0,0.5654162833422869,0.7409395910127998
5,repeated_additive_loop,5,G1,0.3982879751270366,0.5219293078216729
5,repeated_additive_loop,5,G2,0.12576981671277743,0.16481279245455838
5,repeated_additive_loop,5,G3,0.0,0.0
5,repeated_additive_loop,5,G4,0.0,0.0
5,repeated_additive_loop,5,G5,0.0,0.0
5,repeated_additive_loop,5,G6,0.0,0.0
5,repeated_additive_loop,5,G7,0.0,0.0
6,repeated_additive_loop,6,N0,0.9080781143128099,0.8040370621372712
6,repeated_additive_loop,6,N1,0.7882702854728729,0.6979559517094466
6,repeated_additive_loop,6,N2,0.6118677240146606,0.5417643256446737
6,repeated_additive_loop,6,N3,0.0,0.0
6,repeated_additive_loop,6,N4,0.4455233453056753,0.39447848816863723
6,repeated_additive_loop,6,N5,0.0,0.0
6,repeated_additive_loop,6,N6,0.0,0.0
6,repeated_additive_loop,6,N7,0.0,0.0
6,repeated_additive_loop,6,G0,0.5568616603229973,0.845041363214879
6,repeated_additive_loop,6,G1,0.40754530662502997,0.6001508751595153
6,repeated_additive_loop,6,G2,0.12576981671277743,0.1885778545571913
6,repeated_additive_loop,6,G3,0.0,0.0
6,repeated_additive_loop,6,G4,0.0,0.0
6,repeated_additive_loop,6,G5,0.0,0.0
6,repeated_additive_loop,6,G6,0.0,0.0
6,repeated_additive_loop,6,G7,0.0,0.0
7,repeated_additive_loop,7,N0,0.9080781143128099,0.8611683971448914
7,repeated_additive_loop,7,N1,0.7882702854728729,0.7475496298810468
7,repeated_additive_loop,7,N2,0.6118677240146606,0.5802597142792575
7,repeated_additive_loop,7,N3,0.0,0.0
7,repeated_additive_loop,7,N4,0.4455233453056753,0.42250839340827184
7,repeated_additive_loop,7,N5,0.0,0.0
7,repeated_additive_loop,7,N6,0.0,0.0
7,repeated_additive_loop,7,N7,0.0,0.0
7,repeated_additive_loop,7,G0,0.5483039085517899,0.9359944776299639
7,repeated_additive_loop,7,G1,0.4168439264407347,0.6735258441045988
7,repeated_additive_loop,7,G2,0.12576981671277743,0.20996641044956096
7,repeated_additive_loop,7,G3,0.0,0.0
7,repeated_additive_loop,7,G4,0.0,0.0
7,repeated_additive_loop,7,G5,0.0,0.0
7,repeated_additive_loop,7,G6,0.0,0.0
7,repeated_additive_loop,7,G7,0.0,0.0
8,repeated_additive_loop,8,N0,0.9089068830056745,0.9070723696372749
8,repeated_additive_loop,8,N1,0.788307964263931,0.7872336153281808
8,repeated_additive_loop,8,N2,0.6118766330822247,0.61105816336314
8,repeated_additive_loop,8,N3,0.07622469934830811,0.018293927843593946
8,repeated_additive_loop,8,N4,0.44555521809249854,0.4449399670688171
8,repeated_additive_loop,8,N5,0.0,0.0
8,repeated_additive_loop,8,N6,0.0,0.0
8,repeated_additive_loop,8,N7,0.0,0.0
8,repeated_additive_loop,8,G0,0.5366578850689604,1.0
8,repeated_additive_loop,8,G1,0.4295864753881561,0.7436409318183489
8,repeated_additive_loop,8,G2,0.12577222811584987,0.2292168824016768
8,repeated_additive_loop,8,G3,0.0,0.0
8,repeated_additive_loop,8,G4,0.0,0.0
8,repeated_additive_loop,8,G5,0.0,0.0
8,repeated_additive_loop,8,G6,0.0,0.0
8,repeated_additive_loop,8,G7,0.0,0.0
9,repeated_additive_loop,9,N0,0.9101554786434005,0.9440952105842361
9,repeated_additive_loop,9,N1,0.7883665318137536,0.8189948598978456
9,repeated_additive_loop,9,N2,0.6118905202455298,0.6357002555494392
9,repeated_additive_loop,9,N3,0.18507515162921717,0.059053178665887274
9,repeated_additive_loop,9,N4,0.44560476409870775,0.4628971170387436
9,repeated_additive_loop,9,N5,0.0,0.0
9,repeated_additive_loop,9,N6,0.0,0.0
9,repeated_additive_loop,9,N7,0.0,0.0
9,repeated_additive_loop,9,G0,0.5283231691381377,1.0
9,repeated_additive_loop,9,G1,0.4387860776480761,0.8096883834838984
9,repeated_additive_loop,9,G2,0.12577598733645434,0.24654351010917452
9,repeated_additive_loop,9,G3,0.0,0.0
9,repeated_additive_loop,9,G4,0.0,0.0
9,repeated_additive_loop,9,G5,0.0,0.0
9,repeated_additive_loop,9,G6,0.0,0.0
9,repeated_additive_loop,9,G7,0.0,0.0
10,repeated_additive_loop,10,N0,0.9118455340071523,0.9741190966291055
10,repeated_additive_loop,10,N1,0.788447834464739,0.8444233681898139
10,repeated_additive_loop,10,N2,0.6119098173614026,0.655418560606288
10,repeated_additive_loop,10,N3,0.32459483905330144,0.12514530430550216
10,repeated_additive_loop,10,N4,0.445673547889457,0.47727934512446457
10,repeated_additive_loop,10,N5,0.0,0.0
10,repeated_additive_loop,10,N6,0.0,0.0
10,repeated_additive_loop,10,N7,0.0,0.0
10,repeated_additive_loop,10,G0,0.5283407906503652,1.0
10,repeated_additive_loop,10,G1,0.43879346394360136,0.869133453597461
10,repeated_additive_loop,10,G2,0.125781211263153,0.262139146702466
10,repeated_additive_loop,10,G3,0.0,0.0
10,repeated_additive_loop,10,G4,0.0,0.0
10,repeated_additive_loop,10,G5,0.0,0.0
10,repeated_additive_loop,10,G6,0.0,0.0
10,repeated_additive_loop,10,G7,0.0,0.0
11,repeated_additive_loop,11,N0,0.9124153770300478,0.9982749677904958
11,repeated_additive_loop,11,N1,0.7884759064793028,0.8647729121068838
11,repeated_additive_loop,11,N2,0.61191648901491,0.6711948058486088
11,repeated_additive_loop,11,N3,0.36929824058883987,0.1887478211857233
11,repeated_additive_loop,11,N4,0.4456972988160275,0.48879082781541827
11,repeated_additive_loop,11,N5,0.0,0.0
11,repeated_additive_loop,11,N6,0.0,0.0
11,repeated_additive_loop,11,N7,0.0,0.0
11,repeated_additive_loop,11,G0,0.5283468826889687,1.0
11,repeated_additive_loop,11,G1,0.4387960200493358,0.9226348346535024
11,repeated_additive_loop,11,G2,0.12578301744886855,0.27617579761585737
11,repeated_additive_loop,11,G3,0.0,0.0
11,repeated_additive_loop,11,G4,0.0,0.0
11,repeated_additive_loop,11,G5,0.0,0.0
11,repeated_additive_loop,11,G6,0.0,0.0
11,repeated_additive_loop,11,G7,0.0,0.0
12,repeated_additive_loop,12,N0,0.9124153770300478,1.0
12,repeated_additive_loop,12,N1,0.7884759064793028,0.8810525472405397
12,repeated_additive_loop,12,N2,0.61191648901491,0.6838158020424654
12,repeated_additive_loop,12,N3,0.36929824058883987,0.23962983468990023
12,repeated_additive_loop,12,N4,0.4456972988160275,0.4980000139681812
12,repeated_additive_loop,12,N5,0.0,0.0
12,repeated_additive_loop,12,N6,0.0,0.0
12,repeated_additive_loop,12,N7,0.0,0.0
12,repeated_additive_loop,12,G0,0.5283468826889687,1.0
12,repeated_additive_loop,12,G1,0.4387960200493358,0.9707860776039396
12,repeated_additive_loop,12,G2,0.12578301744886855,0.28880878343790956
12,repeated_additive_loop,12,G3,0.0,0.0
12,repeated_additive_loop,12,G4,0.0,0.0
12,repeated_additive_loop,12,G5,0.0,0.0
12,repeated_additive_loop,12,G6,0.0,0.0
12,repeated_additive_loop,12,G7,0.0,0.0
13,repeated_additive_loop,13,N0,0.9124153770300478,1.0
13,repeated_additive_loop,13,N1,0.7884759064793028,0.8940762553474645
13,repeated_additive_loop,13,N2,0.61191648901491,0.6939125989975508
13,repeated_additive_loop,13,N3,0.36929824058883987,0.28033544549324174
13,repeated_additive_loop,13,N4,0.4456972988160275,0.5053673628903916
13,repeated_additive_loop,13,N5,0.0,0.0
13,repeated_additive_loop,13,N6,0.0,0.0
13,repeated_additive_loop,13,N7,0.0,0.0
13,repeated_additive_loop,13,G0,0.5283468826889687,1.0
13,repeated_additive_loop,13,G1,0.4387960200493358,1.0
13,repeated_additive_loop,13,G2,0.12578301744886855,0.30017847067775655
13,repeated_additive_loop,13,G3,0.0,0.0
13,repeated_additive_loop,13,G4,0.0,0.0
13,repeated_additive_loop,13,G5,0.0,0.0
13,repeated_additive_loop,13,G6,0.0,0.0
13,repeated_additive_loop,13,G7,0.0,0.0
14,repeated_additive_loop,14,N0,0.9124153770300478,1.0
14,repeated_additive_loop,14,N1,0.7884759064793028,0.9044952218330043
14,repeated_additive_loop,14,N2,0.61191648901491,0.701990036561619
14,repeated_additive_loop,14,N3,0.36929824058883987,0.312899934135915
14,repeated_additive_loop,14,N4,0.4456972988160275,0.5112612420281599
14,repeated_additive_loop,14,N5,0.0,0.0
14,repeated_additive_loop,14,N6,0.0,0.0
14,repeated_additive_loop,14,N7,0.0,0.0
14,repeated_additive_loop,14,G0,0.5283468826889687,1.0
14,repeated_additive_loop,14,G1,0.4387960200493358,1.0
14,repeated_additive_loop,14,G2,0.12578301744886855,0.3104111891936188
14,repeated_additive_loop,14,G3,0.0,0.0
14,repeated_additive_loop,14,G4,0.0,0.0
14,repeated_additive_loop,14,G5,0.0,0.0
14,repeated_additive_loop,14,G6,0.0,0.0
14,repeated_additive_loop,14,G7,0.0,0.0
15,repeated_additive_loop,15,N0,0.9124153770300478,1.0
15,repeated_additive_loop,15,N1,0.7884759064793028,0.9128303950214361
15,repeated_additive_loop,15,N2,0.61191648901491,0.7084519866128736
15,repeated_additive_loop,15,N3,0.36929824058883987,0.3389515250500536
15,repeated_additive_loop,15,N4,0.4456972988160275,0.5159763453383746
15,repeated_additive_loop,15,N5,0.0,0.0
15,repeated_additive_loop,15,N6,0.0,0.0
15,repeated_additive_loop,15,N7,0.0,0.0
15,repeated_additive_loop,15,G0,0.5283468826889687,1.0
15,repeated_additive_loop,15,G1,0.4387960200493358,1.0
15,repeated_additive_loop,15,G2,0.12578301744886855,0.31962063585789485
15,repeated_additive_loop,15,G3,0.0,0.0
15,repeated_additive_loop,15,G4,0.0,0.0
15,repeated_additive_loop,15,G5,0.0,0.0
15,repeated_additive_loop,15,G6,0.0,0.0
15,repeated_additive_loop,15,G7,0.0,0.0
16,repeated_additive_loop,16,N0,0.9124153770300478,1.0
16,repeated_additive_loop,16,N1,0.7884759064793028,0.9194985335721816
16,repeated_additive_loop,16,N2,0.61191648901491,0.7136215466538772
16,repeated_additive_loop,16,N3,0.36929824058883987,0.35979279778136447
16,repeated_additive_loop,16,N4,0.4456972988160275,0.5197484279865463
16,repeated_additive_loop,16,N5,0.0,0.0
16,repeated_additive_loop,16,N6,0.0,0.0
16,repeated_additive_loop,16,N7,0.0,0.0
16,repeated_additive_loop,16,G0,0.5283468826889687,1.0
16,repeated_additive_loop,16,G1,0.4387960200493358,1.0
16,repeated_additive_loop,16,G2,0.12578301744886855,0.3279091378557433
16,repeated_additive_loop,16,G3,0.0,0.0
16,repeated_additive_loop,16,G4,0.0,0.0
16,repeated_additive_loop,16,G5,0.0,0.0
16,repeated_additive_loop,16,G6,0.0,0.0
16,repeated_additive_loop,16,G7,0.0,0.0
17,repeated_additive_loop,17,N0,0.9124153770300478,1.0
17,repeated_additive_loop,17,N1,0.7884759064793028,0.924833044412778
17,repeated_additive_loop,17,N2,0.61191648901491,0.7177571946866802
17,repeated_additive_loop,17,N3,0.36929824058883987,0.37646581596641315
17,repeated_additive_loop,17,N4,0.4456972988160275,0.5227660941050837
17,repeated_additive_loop,17,N5,0.0,0.0
17,repeated_additive_loop,17,N6,0.0,0.0
17,repeated_additive_loop,17,N7,0.0,0.0
17,repeated_additive_loop,17,G0,0.5283468826889687,1.0
17,repeated_additive_loop,17,G1,0.4387960200493358,1.0
17,repeated_additive_loop,17,G2,0.12578301744886855,0.33536878965380695
17,repeated_additive_loop,17,G3,0.0,0.0
17,repeated_additive_loop,17,G4,0.0,0.0
17,repeated_additive_loop,17,G5,0.0,0.0
17,repeated_additive_loop,17,G6,0.0,0.0
17,repeated_additive_loop,17,G7,0.0,0.0
18,repeated_additive_loop,18,N0,0.9124153770300478,1.0
18,repeated_additive_loop,18,N1,0.7884759064793028,0.9291006530852551
18,repeated_additive_loop,18,N2,0.61191648901491,0.7210657131129226
18,repeated_additive_loop,18,N3,0.36929824058883987,0.3898042305144521
18,repeated_additive_loop,18,N4,0.4456972988160275,0.5251802269999135
18,repeated_additive_loop,18,N5,0.0,0.0
18,repeated_additive_loop,18,N6,0.0,0.0
18,repeated_additive_loop,18,N7,0.0,0.0
18,repeated_additive_loop,18,G0,0.5283468826889687,1.0
18,repeated_additive_loop,18,G1,0.4387960200493358,1.0
18,repeated_additive_loop,18,G2,0.12578301744886855,0.3420824762720642
18,repeated_additive_loop,18,G3,0.0,0.0
18,repeated_additive_loop,18,G4,0.0,0.0
18,repeated_additive_loop,18,G5,0.0,0.0
18,repeated_additive_loop,18,G6,0.0,0.0
18,repeated_additive_loop,18,G7,0.0,0.0
19,repeated_additive_loop,19,N0,0.9124153770300478,1.0
19,repeated_additive_loop,19,N1,0.7884759064793028,0.9325147400232369
19,repeated_additive_loop,19,N2,0.61191648901491,0.7237125278539165
19,repeated_additive_loop,19,N3,0.36929824058883987,0.4004749621528833
19,repeated_additive_loop,19,N4,0.4456972988160275,0.5271115333157774
19,repeated_additive_loop,19,N5,0.0,0.0
19,repeated_additive_loop,19,N6,0.0,0.0
19,repeated_additive_loop,19,N7,0.0,0.0
19,repeated_additive_loop,19,G0,0.5283468826889687,1.0
19,repeated_additive_loop,19,G1,0.4387960200493358,1.0
19,repeated_additive_loop,19,G2,0.12578301744886855,0.3481247942284957
19,repeated_additive_loop,19,G3,0.0,0.0
19,repeated_additive_loop,19,G4,0.0,0.0
19,repeated_additive_loop,19,G5,0.0,0.0
19,repeated_additive_loop,19,G6,0.0,0.0
19,repeated_additive_loop,19,G7,0.0,0.0
20,repeated_additive_loop,20,N0,0.9124153770300478,1.0
20,repeated_additive_loop,20,N1,0.7884759064793028,0.9352460095736223
20,repeated_additive_loop,20,N2,0.61191648901491,0.7258299796467116
20,repeated_additive_loop,20,N3,0.36929824058883987,0.4090115474636282
20,repeated_additive_loop,20,N4,0.4456972988160275,0.5286565783684686
20,repeated_additive_loop,20,N5,0.0,0.0
20,repeated_additive_loop,20,N6,0.0,0.0
20,repeated_additive_loop,20,N7,0.0,0.0
20,repeated_additive_loop,20,G0,0.5283468826889687,1.0
20,repeated_additive_loop,20,G1,0.4387960200493358,1.0
20,repeated_additive_loop,20,G2,0.12578301744886855,0.3535628803892841
20,repeated_additive_loop,20,G3,0.0,0.0
20,repeated_additive_loop,20,G4,0.0,0.0
20,repeated_additive_loop,20,G5,0.0,0.0
20,repeated_additive_loop,20,G6,0.0,0.0
20,repeated_additive_loop,20,G7,0.0,0.0
21,repeated_additive_loop,21,N0,0.9124153770300478,1.0
21,repeated_additive_loop,21,N1,0.7884759064793028,0.9374310252139305
21,repeated_additive_loop,21,N2,0.61191648901491,0.7275239410809476
21,repeated_additive_loop,21,N3,0.36929824058883987,0.4158408157122242
21,repeated_additive_loop,21,N4,0.4456972988160275,0.5298926144106215
21,repeated_additive_loop,21,N5,0.0,0.0
21,repeated_additive_loop,21,N6,0.0,0.0
21,repeated_additive_loop,21,N7,0.0,0.0
21,repeated_additive_loop,21,G0,0.5283468826889687,1.0
21,repeated_additive_loop,21,G1,0.4387960200493358,1.0
21,repeated_additive_loop,21,G2,0.12578301744886855,0.35845715793399363
21,repeated_additive_loop,21,G3,0.0,0.0
21,repeated_additive_loop,21,G4,0.0,0.0
21,repeated_additive_loop,21,G5,0.0,0.0
21,repeated_additive_loop,21,G6,0.0,0.0
21,repeated_additive_loop,21,G7,0.0,0.0
22,repeated_additive_loop,22,N0,0.9124153770300478,1.0
22,repeated_additive_loop,22,N1,0.7884759064793028,0.9391790377261772
22,repeated_additive_loop,22,N2,0.61191648901491,0.7288791102283365
22,repeated_additive_loop,22,N3,0.36929824058883987,0.421304230311101
22,repeated_additive_loop,22,N4,0.4456972988160275,0.5308814432443438
22,repeated_additive_loop,22,N5,0.0,0.0
22,repeated_additive_loop,22,N6,0.0,0.0
22,repeated_additive_loop,22,N7,0.0,0.0
22,repeated_additive_loop,22,G0,0.5283468826889687,1.0
22,repeated_additive_loop,22,G1,0.4387960200493358,1.0
22,repeated_additive_loop,22,G2,0.12578301744886855,0.3628620077242322
22,repeated_additive_loop,22,G3,0.0,0.0
22,repeated_additive_loop,22,G4,0.0,0.0
22,repeated_additive_loop,22,G5,0.0,0.0
22,repeated_additive_loop,22,G6,0.0,0.0
22,repeated_additive_loop,22,G7,0.0,0.0
23,repeated_additive_loop,23,N0,0.9124153770300478,1.0
23,repeated_additive_loop,23,N1,0.7884759064793028,0.9405774477359744
23,repeated_additive_loop,23,N2,0.61191648901491,0.7299632455462476
23,repeated_additive_loop,23,N3,0.36929824058883987,0.4256749619902024
23,repeated_additive_loop,23,N4,0.4456972988160275,0.5316725063113217
23,repeated_additive_loop,23,N5,0.0,0.0
23,repeated_additive_loop,23,N6,0.0,0.0
23,repeated_additive_loop,23,N7,0.0,0.0
23,repeated_additive_loop,23,G0,0.5283468826889687,1.0
23,repeated_additive_loop,23,G1,0.4387960200493358,1.0
23,repeated_additive_loop,23,G2,0.12578301744886855,0.3668263725354469
23,repeated_additive_loop,23,G3,0.0,0.0
23,repeated_additive_loop,23,G4,0.0,0.0
23,repeated_additive_loop,23,G5,0.0,0.0
23,repeated_additive_loop,23,G6,0.0,0.0
23,repeated_additive_loop,23,G7,0.0,0.0
24,repeated_additive_loop,24,N0,0.9124153770300478,1.0
24,repeated_additive_loop,24,N1,0.7884759064793028,0.9416961757438123
24,repeated_additive_loop,24,N2,0.61191648901491,0.7308305538005765
24,repeated_additive_loop,24,N3,0.36929824058883987,0.4291715473334835
24,repeated_additive_loop,24,N4,0.4456972988160275,0.532305356764904
24,repeated_additive_loop,24,N5,0.0,0.0
24,repeated_additive_loop,24,N6,0.0,0.0
24,repeated_additive_loop,24,N7,0.0,0.0
24,repeated_additive_loop,24,G0,0.5283468826889687,1.0
24,repeated_additive_loop,24,G1,0.4387960200493358,1.0
24,repeated_additive_loop,24,G2,0.12578301744886855,0.37039430086554015
24,repeated_additive_loop,24,G3,0.0,0.0
24,repeated_additive_loop,24,G4,0.0,0.0
24,repeated_additive_loop,24,G5,0.0,0.0
24,repeated_additive_loop,24,G6,0.0,0.0
24,repeated_additive_loop,24,G7,0.0,0.0
25,consolidation_loop,1,N0,0.7775407693506133,0.9866097846441473
25,consolidation_loop,1,N1,0.7149485712142392,0.9249445976864672
25,consolidation_loop,1,N2,0.5595376776908847,0.7189534856862735
25,consolidation_loop,1,N3,0.3335398078897672,0.42338679176033095
25,consolidation_loop,1,N4,0.38709254368188195,0.5187464958955749
25,consolidation_loop,1,N5,0.0,0.0
25,consolidation_loop,1,N6,0.0,0.0
25,consolidation_loop,1,N7,0.0,0.0
25,consolidation_loop,1,G0,0.4807230829298495,1.0
25,consolidation_loop,1,G1,0.3981217360312397,1.0
25,consolidation_loop,1,G2,0.11129401825602192,0.3689689566209131
25,consolidation_loop,1,G3,0.0,0.0
25,consolidation_loop,1,G4,0.0,0.0
25,consolidation_loop,1,G5,0.0,0.0
25,consolidation_loop,1,G6,0.0,0.0
25,consolidation_loop,1,G7,0.0,0.0
26,consolidation_loop,2,N0,0.7775407693506133,0.9758976123594651
26,consolidation_loop,2,N1,0.7149485712142392,0.9115433352405913
26,consolidation_loop,2,N2,0.5595376776908847,0.7094518311948311
26,consolidation_loop,2,N3,0.3335398078897672,0.4187589873018089
26,consolidation_loop,2,N4,0.38709254368188195,0.5078994072001115
26,consolidation_loop,2,N5,0.0,0.0
26,consolidation_loop,2,N6,0.0,0.0
26,consolidation_loop,2,N7,0.0,0.0
26,consolidation_loop,2,G0,0.4807230829298495,1.0
26,consolidation_loop,2,G1,0.3981217360312397,1.0
26,consolidation_loop,2,G2,0.11129401825602192,0.36768614680074885
26,consolidation_loop,2,G3,0.0,0.0
26,consolidation_loop,2,G4,0.0,0.0
26,consolidation_loop,2,G5,0.0,0.0
26,consolidation_loop,2,G6,0.0,0.0
26,consolidation_loop,2,G7,0.0,0.0
27,consolidation_loop,3,N0,0.7775407693506133,0.9673278745317193
27,consolidation_loop,3,N1,0.7149485712142392,0.9008223252838905
27,consolidation_loop,3,N2,0.5595376776908847,0.7018505076016772
27,consolidation_loop,3,N3,0.3335398078897672,0.41505674373499124
27,consolidation_loop,3,N4,0.38709254368188195,0.4992217362437409
27,consolidation_loop,3,N5,0.0,0.0
27,consolidation_loop,3,N6,0.0,0.0
27,consolidation_loop,3,N7,0.0,0.0
27,consolidation_loop,3,G0,0.4807230829298495,1.0
27,consolidation_loop,3,G1,0.3981217360312397,1.0
27,consolidation_loop,3,G2,0.11129401825602192,0.36653161796260103
27,consolidation_loop,3,G3,0.0,0.0
27,consolidation_loop,3,G4,0.0,0.0
27,consolidation_loop,3,G5,0.0,0.0
27,consolidation_loop,3,G6,0.0,0.0
27,consolidation_loop,3,G7,0.0,0.0
28,consolidation_loop,4,N0,0.7775407693506133,0.9604720842695227
28,consolidation_loop,4,N1,0.7149485712142392,0.8922455173185297
28,consolidation_loop,4,N2,0.5595376776908847,0.6957694487271541
28,consolidation_loop,4,N3,0.3335398078897672,0.41209494888153714
28,consolidation_loop,4,N4,0.38709254368188195,0.4922795994786444
28,consolidation_loop,4,N5,0.0,0.0
28,consolidation_loop,4,N6,0.0,0.0
28,consolidation_loop,4,N7,0.0,0.0
28,consolidation_loop,4,G0,0.4807230829298495,1.0
28,consolidation_loop,4,G1,0.3981217360312397,1.0
28,consolidation_loop,4,G2,0.11129401825602192,0.365492542008268
28,consolidation_loop,4,G3,0.0,0.0
28,consolidation_loop,4,G4,0.0,0.0
28,consolidation_loop,4,G5,0.0,0.0
28,consolidation_loop,4,G6,0.0,0.0
28,consolidation_loop,4,G7,0.0,0.0
29,consolidation_loop,5,N0,0.7775407693506133,0.9549874520597654
29,consolidation_loop,5,N1,0.7149485712142392,0.8853840709462413
29,consolidation_loop,5,N2,0.5595376776908847,0.6909046016275356
29,consolidation_loop,5,N3,0.3335398078897672,0.40972551299877386
29,consolidation_loop,5,N4,0.38709254368188195,0.4867258900665672
29,consolidation_loop,5,N5,0.0,0.0
29,consolidation_loop,5,N6,0.0,0.0
29,consolidation_loop,5,N7,0.0,0.0
29,consolidation_loop,5,G0,0.4807230829298495,1.0
29,consolidation_loop,5,G1,0.3981217360312397,1.0
29,consolidation_loop,5,G2,0.11129401825602192,0.36455737364936824
29,consolidation_loop,5,G3,0.0,0.0
29,consolidation_loop,5,G4,0.0,0.0
29,consolidation_loop,5,G5,0.0,0.0
29,consolidation_loop,5,G6,0.0,0.0
29,consolidation_loop,5,G7,0.0,0.0
30,consolidation_loop,6,N0,0.7775407693506133,0.9505997462919595
30,consolidation_loop,6,N1,0.7149485712142392,0.8798949138484105
30,consolidation_loop,6,N2,0.5595376776908847,0.6870127239478409
30,consolidation_loop,6,N3,0.3335398078897672,0.40782996429256324
30,consolidation_loop,6,N4,0.38709254368188195,0.4822829225369054
30,consolidation_loop,6,N5,0.0,0.0
30,consolidation_loop,6,N6,0.0,0.0
30,consolidation_loop,6,N7,0.0,0.0
30,consolidation_loop,6,G0,0.4807230829298495,1.0
30,consolidation_loop,6,G1,0.3981217360312397,1.0
30,consolidation_loop,6,G2,0.11129401825602192,0.3637157221263585
30,consolidation_loop,6,G3,0.0,0.0
30,consolidation_loop,6,G4,0.0,0.0
30,consolidation_loop,6,G5,0.0,0.0
30,consolidation_loop,6,G6,0.0,0.0
30,consolidation_loop,6,G7,0.0,0.0
31,consolidation_loop,7,N0,0.7775407693506133,0.947089581677715
31,consolidation_loop,7,N1,0.7149485712142392,0.8755035881701458
31,consolidation_loop,7,N2,0.5595376776908847,0.683899221804085
31,consolidation_loop,7,N3,0.3335398078897672,0.40631352532759474
31,consolidation_loop,7,N4,0.38709254368188195,0.47872854851317603
31,consolidation_loop,7,N5,0.0,0.0
31,consolidation_loop,7,N6,0.0,0.0
31,consolidation_loop,7,N7,0.0,0.0
31,consolidation_loop,7,G0,0.4807230829298495,1.0
31,consolidation_loop,7,G1,0.3981217360312397,1.0
31,consolidation_loop,7,G2,0.11129401825602192,0.36295823575564967
31,consolidation_loop,7,G3,0.0,0.0
31,consolidation_loop,7,G4,0.0,0.0
31,consolidation_loop,7,G5,0.0,0.0
31,consolidation_loop,7,G6,0.0,0.0
31,consolidation_loop,7,G7,0.0,0.0
32,consolidation_loop,8,N0,0.7775407693506133,0.9442814499863192
32,consolidation_loop,8,N1,0.7149485712142392,0.8719905276275342
32,consolidation_loop,8,N2,0.5595376776908847,0.6814084200890803
32,consolidation_loop,8,N3,0.3335398078897672,0.40510037415561995
32,consolidation_loop,8,N4,0.38709254368188195,0.4758850492941925
32,consolidation_loop,8,N5,0.0,0.0
32,consolidation_loop,8,N6,0.0,0.0
32,consolidation_loop,8,N7,0.0,0.0
32,consolidation_loop,8,G0,0.4807230829298495,1.0
32,consolidation_loop,8,G1,0.3981217360312397,1.0
32,consolidation_loop,8,G2,0.11129401825602192,0.3622764980220118
32,consolidation_loop,8,G3,0.0,0.0
32,consolidation_loop,8,G4,0.0,0.0
32,consolidation_loop,8,G5,0.0,0.0
32,consolidation_loop,8,G6,0.0,0.0
32,consolidation_loop,8,G7,0.0,0.0
33,consolidation_loop,9,N0,0.7775407693506133,0.9420349446332026
33,consolidation_loop,9,N1,0.7149485712142392,0.8691800791934448
33,consolidation_loop,9,N2,0.5595376776908847,0.6794157787170766
33,consolidation_loop,9,N3,0.3335398078897672,0.4041298532180401
33,consolidation_loop,9,N4,0.38709254368188195,0.4736102499190057
33,consolidation_loop,9,N5,0.0,0.0
33,consolidation_loop,9,N6,0.0,0.0
33,consolidation_loop,9,N7,0.0,0.0
33,consolidation_loop,9,G0,0.4807230829298495,1.0
33,consolidation_loop,9,G1,0.3981217360312397,1.0
33,consolidation_loop,9,G2,0.11129401825602192,0.36166293406173766
33,consolidation_loop,9,G3,0.0,0.0
33,consolidation_loop,9,G4,0.0,0.0
33,consolidation_loop,9,G5,0.0,0.0
33,consolidation_loop,9,G6,0.0,0.0
33,consolidation_loop,9,G7,0.0,0.0
34,consolidation_loop,10,N0,0.7775407693506133,0.9402377403507094
34,consolidation_loop,10,N1,0.7149485712142392,0.8669317204461733
34,consolidation_loop,10,N2,0.5595376776908847,0.6778216656194737
34,consolidation_loop,10,N3,0.3335398078897672,0.4033534364679762
34,consolidation_loop,10,N4,0.38709254368188195,0.4717904104188562
34,consolidation_loop,10,N5,0.0,0.0
34,consolidation_loop,10,N6,0.0,0.0
34,consolidation_loop,10,N7,0.0,0.0
34,consolidation_loop,10,G0,0.4807230829298495,1.0
34,consolidation_loop,10,G1,0.3981217360312397,1.0
34,consolidation_loop,10,G2,0.11129401825602192,0.3611107264974909
34,consolidation_loop,10,G3,0.0,0.0
34,consolidation_loop,10,G4,0.0,0.0
34,consolidation_loop,10,G5,0.0,0.0
34,consolidation_loop,10,G6,0.0,0.0
34,consolidation_loop,10,G7,0.0,0.0
35,consolidation_loop,11,N0,0.7775407693506133,0.9387999769247148
35,consolidation_loop,11,N1,0.7149485712142392,0.865133033448356
35,consolidation_loop,11,N2,0.5595376776908847,0.6765463751413913
35,consolidation_loop,11,N3,0.3335398078897672,0.4027323030679251
35,consolidation_loop,11,N4,0.38709254368188195,0.47033453881873666
35,consolidation_loop,11,N5,0.0,0.0
35,consolidation_loop,11,N6,0.0,0.0
35,consolidation_loop,11,N7,0.0,0.0
35,consolidation_loop,11,G0,0.4807230829298495,1.0
35,consolidation_loop,11,G1,0.3981217360312397,1.0
35,consolidation_loop,11,G2,0.11129401825602192,0.3606137396896688
35,consolidation_loop,11,G3,0.0,0.0
35,consolidation_loop,11,G4,0.0,0.0
35,consolidation_loop,11,G5,0.0,0.0
35,consolidation_loop,11,G6,0.0,0.0
35,consolidation_loop,11,G7,0.0,0.0
36,consolidation_loop,12,N0,0.7775407693506133,0.9376497661839192
36,consolidation_loop,12,N1,0.7149485712142392,0.8636940838501022
36,consolidation_loop,12,N2,0.5595376776908847,0.6755261427589253
36,consolidation_loop,12,N3,0.3335398078897672,0.40223539634788424
36,consolidation_loop,12,N4,0.38709254368188195,0.469169841538641
36,consolidation_loop,12,N5,0.0,0.0
36,consolidation_loop,12,N6,0.0,0.0
36,consolidation_loop,12,N7,0.0,0.0
36,consolidation_loop,12,G0,0.4807230829298495,1.0
36,consolidation_loop,12,G1,0.3981217360312397,1.0
36,consolidation_loop,12,G2,0.11129401825602192,0.36016645156262894
36,consolidation_loop,12,G3,0.0,0.0
36,consolidation_loop,12,G4,0.0,0.0
36,consolidation_loop,12,G5,0.0,0.0
36,consolidation_loop,12,G6,0.0,0.0
36,consolidation_loop,12,G7,0.0,0.0
37,consolidation_loop,13,N0,0.7775407693506133,0.9367295975912826
37,consolidation_loop,13,N1,0.7149485712142392,0.8625429241714992
37,consolidation_loop,13,N2,0.5595376776908847,0.6747099568529525
37,consolidation_loop,13,N3,0.3335398078897672,0.40183787097185153
37,consolidation_loop,13,N4,0.38709254368188195,0.4682380837145645
37,consolidation_loop,13,N5,0.0,0.0
37,consolidation_loop,13,N6,0.0,0.0
37,consolidation_loop,13,N7,0.0,0.0
37,consolidation_loop,13,G0,0.4807230829298495,1.0
37,consolidation_loop,13,G1,0.3981217360312397,1.0
37,consolidation_loop,13,G2,0.11129401825602192,0.3597638922482931
37,consolidation_loop,13,G3,0.0,0.0
37,consolidation_loop,13,G4,0.0,0.0
37,consolidation_loop,13,G5,0.0,0.0
37,consolidation_loop,13,G6,0.0,0.0
37,consolidation_loop,13,G7,0.0,0.0
38,consolidation_loop,14,N0,0.7775407693506133,0.9359934627171733
38,consolidation_loop,14,N1,0.7149485712142392,0.8616219964286169
38,consolidation_loop,14,N2,0.5595376776908847,0.6740570081281744
38,consolidation_loop,14,N3,0.3335398078897672,0.40151985067102536
38,consolidation_loop,14,N4,0.38709254368188195,0.46749267745530326
38,consolidation_loop,14,N5,0.0,0.0
38,consolidation_loop,14,N6,0.0,0.0
38,consolidation_loop,14,N7,0.0,0.0
38,consolidation_loop,14,G0,0.4807230829298495,1.0
38,consolidation_loop,14,G1,0.3981217360312397,1.0
38,consolidation_loop,14,G2,0.11129401825602192,0.35940158886539075
38,consolidation_loop,14,G3,0.0,0.0
38,consolidation_loop,14,G4,0.0,0.0
38,consolidation_loop,14,G5,0.0,0.0
38,consolidation_loop,14,G6,0.0,0.0
38,consolidation_loop,14,G7,0.0,0.0
39,consolidation_loop,15,N0,0.7775407693506133,0.935404554817886
39,consolidation_loop,15,N1,0.7149485712142392,0.8608852542343111
39,consolidation_loop,15,N2,0.5595376776908847,0.6735346491483518
39,consolidation_loop,15,N3,0.3335398078897672,0.40126543443036444
39,consolidation_loop,15,N4,0.38709254368188195,0.4668963524478943
39,consolidation_loop,15,N5,0.0,0.0
39,consolidation_loop,15,N6,0.0,0.0
39,consolidation_loop,15,N7,0.0,0.0
39,consolidation_loop,15,G0,0.4807230829298495,1.0
39,consolidation_loop,15,G1,0.3981217360312397,1.0
39,consolidation_loop,15,G2,0.11129401825602192,0.3590755158207787
39,consolidation_loop,15,G3,0.0,0.0
39,consolidation_loop,15,G4,0.0,0.0
39,consolidation_loop,15,G5,0.0,0.0
39,consolidation_loop,15,G6,0.0,0.0
39,consolidation_loop,15,G7,0.0,0.0
40,consolidation_loop,16,N0,0.7775407693506133,0.9349334284984561
40,consolidation_loop,16,N1,0.7149485712142392,0.8602958604788662
40,consolidation_loop,16,N2,0.5595376776908847,0.6731167619644938
40,consolidation_loop,16,N3,0.3335398078897672,0.4010619014378357
40,consolidation_loop,16,N4,0.38709254368188195,0.4664192924419671
40,consolidation_loop,16,N5,0.0,0.0
40,consolidation_loop,16,N6,0.0,0.0
40,consolidation_loop,16,N7,0.0,0.0
40,consolidation_loop,16,G0,0.4807230829298495,1.0
40,consolidation_loop,16,G1,0.3981217360312397,1.0
40,consolidation_loop,16,G2,0.11129401825602192,0.3587820500806278
40,consolidation_loop,16,G3,0.0,0.0
40,consolidation_loop,16,G4,0.0,0.0
40,consolidation_loop,16,G5,0.0,0.0
40,consolidation_loop,16,G6,0.0,0.0
40,consolidation_loop,16,G7,0.0,0.0
41,consolidation_loop,17,N0,0.7775407693506133,0.9345565274429122
41,consolidation_loop,17,N1,0.7149485712142392,0.8598243454745105
41,consolidation_loop,17,N2,0.5595376776908847,0.6727824522174074
41,consolidation_loop,17,N3,0.3335398078897672,0.4008990750438127
41,consolidation_loop,17,N4,0.38709254368188195,0.4660376444372254
41,consolidation_loop,17,N5,0.0,0.0
41,consolidation_loop,17,N6,0.0,0.0
41,consolidation_loop,17,N7,0.0,0.0
41,consolidation_loop,17,G0,0.4807230829298495,1.0
41,consolidation_loop,17,G1,0.3981217360312397,1.0
41,consolidation_loop,17,G2,0.11129401825602192,0.358517930914492
41,consolidation_loop,17,G3,0.0,0.0
41,consolidation_loop,17,G4,0.0,0.0
41,consolidation_loop,17,G5,0.0,0.0
41,consolidation_loop,17,G6,0.0,0.0
41,consolidation_loop,17,G7,0.0,0.0
42,consolidation_loop,18,N0,0.7775407693506133,0.9342550065984769
42,consolidation_loop,18,N1,0.7149485712142392,0.8594471334710259
42,consolidation_loop,18,N2,0.5595376776908847,0.6725150044197382
42,consolidation_loop,18,N3,0.3335398078897672,0.4007688139285943
42,consolidation_loop,18,N4,0.38709254368188195,0.465732326033432
42,consolidation_loop,18,N5,0.0,0.0
42,consolidation_loop,18,N6,0.0,0.0
42,consolidation_loop,18,N7,0.0,0.0
42,consolidation_loop,18,G0,0.4807230829298495,1.0
42,consolidation_loop,18,G1,0.3981217360312397,1.0
42,consolidation_loop,18,G2,0.11129401825602192,0.3582802236649698
42,consolidation_loop,18,G3,0.0,0.0
42,consolidation_loop,18,G4,0.0,0.0
42,consolidation_loop,18,G5,0.0,0.0
42,consolidation_loop,18,G6,0.0,0.0
42,consolidation_loop,18,G7,0.0,0.0
43,consolidation_loop,19,N0,0.7775407693506133,0.9340137899229288
43,consolidation_loop,19,N1,0.7149485712142392,0.859145363868238
43,consolidation_loop,19,N2,0.5595376776908847,0.6723010461816029
43,consolidation_loop,19,N3,0.3335398078897672,0.4006646050364196
43,consolidation_loop,19,N4,0.38709254368188195,0.46548807131039727
43,consolidation_loop,19,N5,0.0,0.0
43,consolidation_loop,19,N6,0.0,0.0
43,consolidation_loop,19,N7,0.0,0.0
43,consolidation_loop,19,G0,0.4807230829298495,1.0
43,consolidation_loop,19,G1,0.3981217360312397,1.0
43,consolidation_loop,19,G2,0.11129401825602192,0.3580662871403999
43,consolidation_loop,19,G3,0.0,0.0
43,consolidation_loop,19,G4,0.0,0.0
43,consolidation_loop,19,G5,0.0,0.0
43,consolidation_loop,19,G6,0.0,0.0
43,consolidation_loop,19,G7,0.0,0.0
44,consolidation_loop,20,N0,0.7775407693506133,0.9338208165824904
44,consolidation_loop,20,N1,0.7149485712142392,0.8589039481860079
44,consolidation_loop,20,N2,0.5595376776908847,0.6721298795910947
44,consolidation_loop,20,N3,0.3335398078897672,0.4005812379226798
44,consolidation_loop,20,N4,0.38709254368188195,0.4652926675319695
44,consolidation_loop,20,N5,0.0,0.0
44,consolidation_loop,20,N6,0.0,0.0
44,consolidation_loop,20,N7,0.0,0.0
44,consolidation_loop,20,G0,0.4807230829298495,1.0
44,consolidation_loop,20,G1,0.3981217360312397,1.0
44,consolidation_loop,20,G2,0.11129401825602192,0.3578737442682869
44,consolidation_loop,20,G3,0.0,0.0
44,consolidation_loop,20,G4,0.0,0.0
44,consolidation_loop,20,G5,0.0,0.0
44,consolidation_loop,20,G6,0.0,0.0
44,consolidation_loop,20,G7,0.0,0.0
